path,bytes,sha256,format,records,columns
data/analytical_benchmarks/check_results.json,6468,755709476cdb75b2d53a3769b1c02e5ac3a7a6c1286285b2c68533ef0c230d3d,json,1,scope|symbolic|dimension_constants|exact_1d_finite|critical_scalar_model
data/analytical_benchmarks/critical_scalar_model.csv,1321,6da8a5deb2ebb2e2860dca24b4e566d589aa82f7d1f9c5c9428fad3d5fc557ed,csv,12,logN|path|epsilon|w|model_root_over_Delta|w_over_sqrtL_div_lambda
data/analytical_benchmarks/dimension_constants.csv,653,ea1e2137d2e7edc36e245d0b1baa3bfedf357d8d53f6b02d672a5e4f9eaa4d69,csv,8,d|H|lambda_star|critical_prefactor|reported_H|within_rounding
data/analytical_benchmarks/exact_1d_finite.csv,581,d1a732e1171bc54d39cee1e3687d618b4f3b104b042a9ee88fe1339cf8e0df8e,csv,5,N|delta|sqrtN_delta|six_scaled_excess|absolute_slope|curvature_positive
data/analytical_benchmarks/finite_cost_monte_carlo.json,920,33f2b9817dc9d7890738d0ad0b80c8bd5e882242d78b50f909baef4b4af33cbc,json,1,scope|results
data/calibration_experiment/calibration_experiment_design.json,724,92a18d640602cd61924a3d7bb7aa977e619ca232a9ccd70742ba520f2c891a4a,json,1,d|distribution|initialization|horizons|r_values|trajectories|seed|alpha_rule|common_inputs_within_horizon|independent_horizon_streams|policy_selection|uncertainty|baseline|reference|unavailable_reference_horizons
data/calibration_experiment/calibration_results.csv,4110,60b31aa436e579343787c491a986165b2c220fb511e92dca97c151f1d26329b4,csv,12,N|r|alpha|H|delta_finite|delta_stationary_scale|trajectories|seed|mean_finite|mean_stationary_scale|saving_estimate_pct|saving_standard_error_pct|saving_lower95_pct|saving_upper95_pct|delta_reference|stored_reference_cost|mean_reference|reference_excess_estimate_pct|reference_excess_standard_error_pct|reference_excess_lower95_pct|reference_excess_upper95_pct
data/calibration_experiment/calibration_trajectory_costs.npz,7497899,772825d5b92287cd23dfdf15b7435722c7933b941f791f23041298b5e6c55335,npz,,
data/dimension_constants/dimension_constants.csv,1096,6d5408372ee1c0aa65a42c292f7951faffb9dc0fdec1587acaaa614bb7286a38,csv,8,d|H_d_1|H_resolution_error|lambda_star|second_crossover|critical_prefactor
data/dimension_constants/quadrature_raw.csv,1819,f7c2f16c41aad09b51036611b91d4f1b041d9f2ad92327741a0d6cd567eaaaf7,csv,27,representation|d|alpha|order|H
data/finite_horizon_phase_transitions/convergence_phase_regimes_shard_000_of_004.csv,41955,f0a27e778f0581fc78f05094c83cc69aba2b6e1a8bbcd7184c95c86a7a83148d,csv,84,dataset|shard_index|shard_count|d|lambda_ratio|lambda_star|lambda|log2N|N|alpha|delta_128|delta_256|delta_512|objective_256|objective_512|beta_512|scale_type|theory_scale|collapse_ratio|location_rel_change|value_rel_change|derivative_scaled|neighbor_left|neighbor_right|first_order_ok|neighbor_ok|accepted
data/finite_horizon_phase_transitions/convergence_phase_regimes_shard_001_of_004.csv,42011,358bde612dedc633e901b7a749f7b2ea525d528cde4a977b4a8975d18be0b745,csv,84,dataset|shard_index|shard_count|d|lambda_ratio|lambda_star|lambda|log2N|N|alpha|delta_128|delta_256|delta_512|objective_256|objective_512|beta_512|scale_type|theory_scale|collapse_ratio|location_rel_change|value_rel_change|derivative_scaled|neighbor_left|neighbor_right|first_order_ok|neighbor_ok|accepted
data/finite_horizon_phase_transitions/convergence_phase_regimes_shard_002_of_004.csv,42067,131314f8c3cb7fa98b2637b306908e8b96ebe156712954978f7191e44601e9d7,csv,84,dataset|shard_index|shard_count|d|lambda_ratio|lambda_star|lambda|log2N|N|alpha|delta_128|delta_256|delta_512|objective_256|objective_512|beta_512|scale_type|theory_scale|collapse_ratio|location_rel_change|value_rel_change|derivative_scaled|neighbor_left|neighbor_right|first_order_ok|neighbor_ok|accepted
data/finite_horizon_phase_transitions/convergence_phase_regimes_shard_003_of_004.csv,42095,5d8926d9278ddfade264908c286ebc05b47ba325a74f37397e46a38407e27d27,csv,84,dataset|shard_index|shard_count|d|lambda_ratio|lambda_star|lambda|log2N|N|alpha|delta_128|delta_256|delta_512|objective_256|objective_512|beta_512|scale_type|theory_scale|collapse_ratio|location_rel_change|value_rel_change|derivative_scaled|neighbor_left|neighbor_right|first_order_ok|neighbor_ok|accepted
data/finite_horizon_phase_transitions/parameters_phase_regimes_shard_000_of_004.json,725,a368e2d65fdc01cf02545d4e345ea78d33ff14e4b2666f99803aec9068504bfe,json,1,dataset|shard_index|shard_count|dimension|lambda_star|radial_orders|angular_orders|state_bins|finite_size_evaluation_method|direct_Poisson_validation_N|direct_Poisson_relative_value_difference|direct_Poisson_critical_relative_value_difference|location_relative_tolerance|value_relative_tolerance|case_count|cgal_version
data/finite_horizon_phase_transitions/parameters_phase_regimes_shard_001_of_004.json,725,c06478081ea4100416c3f89107a512f0172ae2494548988df48ba425147eca89,json,1,dataset|shard_index|shard_count|dimension|lambda_star|radial_orders|angular_orders|state_bins|finite_size_evaluation_method|direct_Poisson_validation_N|direct_Poisson_relative_value_difference|direct_Poisson_critical_relative_value_difference|location_relative_tolerance|value_relative_tolerance|case_count|cgal_version
data/finite_horizon_phase_transitions/parameters_phase_regimes_shard_002_of_004.json,725,fe8891be3660f3e5a45a3e902b34d37fab0eb06311abb6ab8bc412de5f0f20cd,json,1,dataset|shard_index|shard_count|dimension|lambda_star|radial_orders|angular_orders|state_bins|finite_size_evaluation_method|direct_Poisson_validation_N|direct_Poisson_relative_value_difference|direct_Poisson_critical_relative_value_difference|location_relative_tolerance|value_relative_tolerance|case_count|cgal_version
data/finite_horizon_phase_transitions/parameters_phase_regimes_shard_003_of_004.json,725,3a97b7b2fdd68c66fe6eedcc600dfd84538c755c33f279566461b8b8dbe00d8f,json,1,dataset|shard_index|shard_count|dimension|lambda_star|radial_orders|angular_orders|state_bins|finite_size_evaluation_method|direct_Poisson_validation_N|direct_Poisson_relative_value_difference|direct_Poisson_critical_relative_value_difference|location_relative_tolerance|value_relative_tolerance|case_count|cgal_version
data/finite_horizon_phase_transitions/phase_regimes_correction_balance.csv,23493,96f382d44dc7b526248489a54c1370cc5a12a10f3fef49eba8732825c971b16f,csv,52,dataset|shard_index|shard_count|d|lambda_ratio|lambda_star|lambda|log2N|N|alpha|delta_128|delta_256|delta_512|objective_256|objective_512|beta_512|scale_type|theory_scale|collapse_ratio|location_rel_change|value_rel_change|derivative_scaled|neighbor_left|neighbor_right|first_order_ok|neighbor_ok|accepted|log_normalized_distance|stationary_scale|correction_balance
data/finite_horizon_phase_transitions/phase_regimes_size_pair_exponents.csv,10654,a21a79c5348f4ac8e160ca1bccee5beb198fb9194f2fb71ecdcf32b122cc4f7c,csv,308,lambda_ratio|log2N_left|log2N_right|beta_quotient
data/finite_horizon_phase_transitions/phase_regimes_validation.json,974,069971b6476ba968360e60aa7f95a7b26f51a0d8a4fbce640cf1c9a19b8e4acf,json,1,dataset|dimension|phase_boundary|subleading_correction_crossover|size_pair_factor|displayed_larger_size_exponents|quotient_point_count|correction_balance_point_count|joint_scale_definition|correction_balance_definition|parameter_pair_count|ratio_count|size_count|common_size_grid|ratios_exact|sizes_exact|accepted_parameter_pairs|rejected_parameter_pairs|maximum_location_relative_change|maximum_value_relative_change|maximum_derivative_scaled|minimum_left_neighbor_gap|minimum_right_neighbor_gap
data/finite_horizon_phase_transitions/raw_phase_regimes_shard_000_of_004.csv,125794,18c023241935a8e1d4de98665ea63f7f38259717f1ee985014de83d8fadec293,csv,252,dataset|shard_index|shard_count|d|lambda_ratio|lambda_star|lambda|log2N|N|alpha|radial_order|angular_order|state_bins|gamma|delta|beta|objective|derivative_logdelta|derivative_scaled|neighbor_left|neighbor_right|H_constant|scale_type|theory_scale|collapse_ratio|row_error|steps|evaluations|cgal_version
data/finite_horizon_phase_transitions/raw_phase_regimes_shard_001_of_004.csv,126146,b479d31eaf01e3b28ae4ff0fb85a1ab813b3a64474d2b6a1a4c7f8d1c61d7b3e,csv,252,dataset|shard_index|shard_count|d|lambda_ratio|lambda_star|lambda|log2N|N|alpha|radial_order|angular_order|state_bins|gamma|delta|beta|objective|derivative_logdelta|derivative_scaled|neighbor_left|neighbor_right|H_constant|scale_type|theory_scale|collapse_ratio|row_error|steps|evaluations|cgal_version
data/finite_horizon_phase_transitions/raw_phase_regimes_shard_002_of_004.csv,126458,ded6ca7acf9a973596617d1991b15a0db075a33b76d88e91e50d1c30151b83d4,csv,252,dataset|shard_index|shard_count|d|lambda_ratio|lambda_star|lambda|log2N|N|alpha|radial_order|angular_order|state_bins|gamma|delta|beta|objective|derivative_logdelta|derivative_scaled|neighbor_left|neighbor_right|H_constant|scale_type|theory_scale|collapse_ratio|row_error|steps|evaluations|cgal_version
data/finite_horizon_phase_transitions/raw_phase_regimes_shard_003_of_004.csv,126641,f0b4aa19fd3b407b827f69e21c2bbc504da7f5427246f0eec649ba2a6a48fcf2,csv,252,dataset|shard_index|shard_count|d|lambda_ratio|lambda_star|lambda|log2N|N|alpha|radial_order|angular_order|state_bins|gamma|delta|beta|objective|derivative_logdelta|derivative_scaled|neighbor_left|neighbor_right|H_constant|scale_type|theory_scale|collapse_ratio|row_error|steps|evaluations|cgal_version
data/geometric_construction/geometry_edges_aggregated.csv,4387,355f4e04a7c2b4cd0e6510a8cfecf1c92f44ea2492471ff9bb8f1b0d82f72896,csv,36,panel|step|edge_type|x0|y0|x1|y1|length|zero_length|gamma
data/geometric_construction/geometry_points_raw.csv,2365,92c378585558cc70113e40fbc797e91319fb73add47042b4bd2a3fba93bc3249,csv,21,panel|point_index|point_label|point_x|point_y|auxiliary_vertex_label|auxiliary_vertex_x|auxiliary_vertex_y|gamma
data/geometric_construction/local_insertion.csv,350,b8c029c77c6b274e5327f231d9be0bbbe9b8bfdd26b9bf933ff9c1505ac881db,csv,1,step|gamma|x_previous_x|x_previous_y|x_current_x|x_current_y|p_x|p_y|insertion_length|spine_length|leaf_length|spine_ratio|leaf_ratio
data/local_objective_geometry/local_objective_geometry_C2_errors.csv,638,1d552344f9750caaffba6728385a0aa0a31fcb948dceaf6f1cb935eb40ed79b1,csv,9,lambda_ratio|log2N|C0|C1|C2
data/local_objective_geometry/local_objective_geometry_resolution_validation.csv,760,b111a17c7346349f6130105aa96f7f8e0acac562314c1c099ce20f5a4f31502f,csv,9,lambda_ratio|log2N|C0_resolution_difference|C1_resolution_difference|C2_resolution_difference
data/local_objective_geometry/local_objective_geometry_validation.json,602,02af5b2e16c72a459847758d966743e8249f40f8de1f8f43efb5b9850ed3b62d,json,1,dataset|dimension|scaled_parameters|size_exponents|z_interval|display_chebyshev_order|verification_chebyshev_order|derivative_method|maximum_C0_resolution_difference|maximum_C1_resolution_difference|maximum_C2_resolution_difference|maximum_operator_row_error
data/local_objective_geometry/objective_profiles_shard_000_of_003.csv,257207,09ac38f0c684e12f773def86fe649398ab42b470ee8970f1c178ae3ed382f1ad,csv,582,dataset|shard_index|shard_count|d|lambda_ratio|lambda_star|lambda|log2N|N|alpha|evaluation_resolution|radial_order|angular_order|state_bins|z_order|z|G_N|a_w|b_w|profile_sum|delta_N|w_N|Delta_N|H_N|row_error|cgal_version
data/local_objective_geometry/objective_profiles_shard_001_of_003.csv,258281,633cc9d272fc8008da14dafd8977aedda8d8b7aaa4e1c0a2d90a77ccae805073,csv,582,dataset|shard_index|shard_count|d|lambda_ratio|lambda_star|lambda|log2N|N|alpha|evaluation_resolution|radial_order|angular_order|state_bins|z_order|z|G_N|a_w|b_w|profile_sum|delta_N|w_N|Delta_N|H_N|row_error|cgal_version
data/local_objective_geometry/objective_profiles_shard_002_of_003.csv,260007,8846f3e243c44887e4a1f5a8d308f41ac7add04333c328c4ead9d8d92f439184,csv,582,dataset|shard_index|shard_count|d|lambda_ratio|lambda_star|lambda|log2N|N|alpha|evaluation_resolution|radial_order|angular_order|state_bins|z_order|z|G_N|a_w|b_w|profile_sum|delta_N|w_N|Delta_N|H_N|row_error|cgal_version
data/measured_calibration_gains/expanded_calibration_block_moments.csv,15195545,c35a7c7081d8ee6c36ab6b91f0124024dc27cf6f9487992553ed3d1d3a5f0e85,csv,66304,N|family|case|start|count|trajectories|mean_finite|mean_stationary_scale|mean_difference|variance_difference|variance_stationary_scale|covariance_difference_stationary_scale|saving_estimate_pct|saving_standard_error_pct|saving_lower95_pct|saving_upper95_pct
data/measured_calibration_gains/expanded_calibration_design.json,1910,e4cdfeb6c4505212f3a4083347f09b6f2a2adccdb02657144d7003093c4cfad6,json,1,d|distribution|initialization|horizons|r_values|fixed_alpha_values|scenarios|policies_per_horizon|trajectories|master_seed|rng|trajectory_seed|independent_horizon_streams|common_inputs_across_policies|seed_collision_check|seed_vector_sha256|policy_selection|baseline|fixed_alpha_interpretation|uncertainty|accumulation|raw_format|primary_measure|additional_measures|no_simultaneous_coverage_claim|balance_max_relative_residual
data/measured_calibration_gains/expanded_calibration_results.csv,96720,ac23b9281ce613079395266710660d53ef104c2a8f6a1768594411b3b2e6821e,csv,259,N|family|case|case_index|r|alpha|H|delta_finite|delta_stationary_scale|finite_column|stationary_column|trajectories|mean_finite|mean_stationary_scale|mean_difference|variance_difference|variance_stationary_scale|covariance_difference_stationary_scale|saving_estimate_pct|saving_standard_error_pct|saving_lower95_pct|saving_upper95_pct|saved_cost_per_input|N_delta_finite|N_delta_stationary_scale
data/measured_calibration_gains/observed_zero_crossing_brackets.json,2752,6c0197bce6a45fbcef14a9e4191fc8ae8db15fd35106ce45961d322564aef544,json,1,brackets|interpretation
data/measured_calibration_gains/policies_N1024.tsv,2753,37557cd8c72d1e0d6fc4095132bf5cb1d7df77a68dd1a0736344c7b1c9938ba3,tsv,,
data/measured_calibration_gains/policies_N1048576.tsv,2815,9a89005631b1e01d27b6c2d0fb702223c8a396fef00ca0340cb2d1cde50a6fbd,tsv,,
data/measured_calibration_gains/policies_N16384.tsv,2770,27963f9dd20e9d59f3f7e1a09d57c2f88d4b473ab0c3dc45b37208408b0fcdbe,tsv,,
data/measured_calibration_gains/policies_N256.tsv,2728,4874944d99bbfdec4f38fbe03364106a09679bbbdc778bc8f41b350533955355,tsv,,
data/measured_calibration_gains/policies_N262144.tsv,2800,5753d9a5c5cb905996c298b0a57e441f1b30154cf12f96f04719d6f23b5decd5,tsv,,
data/measured_calibration_gains/policies_N4096.tsv,2757,5cc49dbd495da4cd55477674a1c5331952a451915aedf23720eedbafd03cb585,tsv,,
data/measured_calibration_gains/policies_N65536.tsv,2794,e148d9d81b3ee28d802f0c533c18ca50299201c3063d8f83bdd2f15c232fc2d1,tsv,,
data/measured_calibration_gains/scenarios.csv,28800,7c99d53627916e25b8b7bcbda91830ebad79f403c0842e5d57e9fea99200514b,csv,259,N|family|case|case_index|r|alpha|H|delta_finite|delta_stationary_scale|finite_column|stationary_column
data/stationary_calibration_comparison/high_precision_reference_cases.csv,4715,30f905813f3a94220ba4b2659e07c1c875f36a7e2d06b8eaaa907eac78e12e26,csv,12,case_id|N|alpha|order|delta_finite|delta_stationary_scale|delta_stationary|saving_vs_stationary_pct|saving_vs_scale_pct|finite_averaged_tail_moment|stationary_averaged_tail_moment|scale_averaged_tail_moment
data/stationary_calibration_comparison/numerical_validation.csv,18731,a0c460a1c061cdffcf6e6abcf98a5b1370416c6d9184a5278f44dc969c0f072f,csv,78,case_id|quantity|N|alpha|delta|order|calculated_value|reference_value|absolute_difference|tolerance|passed|reference_method
data/stationary_calibration_comparison/numerical_validation.json,343,49cd8f504d138dd2a0b85c70492c6b23d2a96d19191f84161e8f094b260d607a,json,1,decimal_precision|solver_sha256|numpy_longdouble_precision|checks|all_passed|reference_scope
data/stationary_calibration_comparison/numerical_validation_cases.csv,784,bf810327c233ea602d25b8677c3116f42cb8ee54095b7ecad1034d9edc543afa,csv,12,case_id|N|alpha|order|r|comparator|endpoint
data/stationary_calibration_comparison/stationary_calibration_comparison.csv,997807,8e11dcad8a65cb3d31acfa85e7262c9bf3d60d71a35b013537a9563f414c70c6,csv,1921,N|log2_N|family|r|alpha|order|delta_finite|delta_stationary_scale|delta_stationary|H|H_truncation_bound|excess_finite|excess_stationary|excess_scale|saving_vs_stationary_pct|saving_vs_scale_pct|stationary_gain_truncation_bound_pct|scale_gain_truncation_bound_pct|stationary_gain_error_estimate_pct|stationary_sign_resolved|scale_gain_error_estimate_pct|scale_sign_resolved|gain_error_scope
data/stationary_calibration_comparison/stationary_calibration_comparison_design.json,508,c0a374fbc06fb276cae5289fbe5f3fe1c33bd14fdd659caf1da1c090cee83c90,json,1,distribution|initialization|scenarios|orders|pilot|method|mean_cost_difference|numerical_error|python|numpy|longdouble_precision
data/stationary_calibration_comparison/stationary_calibration_crossing_evaluations.csv,127878,0904e5120bca2cad022362836c77c0cdf1411e996d5c78074308956f54d2a491,csv,238,N|log2_N|family|r|alpha|order|delta_finite|delta_stationary_scale|delta_stationary|H|H_truncation_bound|excess_finite|excess_stationary|excess_scale|saving_vs_stationary_pct|saving_vs_scale_pct|stationary_gain_truncation_bound_pct|scale_gain_truncation_bound_pct|stationary_gain_error_estimate_pct|stationary_sign_resolved|scale_gain_error_estimate_pct|scale_sign_resolved|gain_error_scope
data/stationary_calibration_comparison/stationary_calibration_crossings.csv,8084,98f7bfad655016aa8311206567913865d2bb24b34a456d22548ec38cc03d6574,csv,34,N|log2_N|comparator|r_lower|r_upper|gain_lower_pct|gain_upper_pct|lower_error_pct|upper_error_pct|bisection_steps|numerical_scope
