case_id,N,alpha,order,delta_finite,delta_stationary_scale,delta_stationary,saving_vs_stationary_pct,saving_vs_scale_pct,finite_averaged_tail_moment,stationary_averaged_tail_moment,scale_averaged_tail_moment
gain_40_r_0.1,1099511627776,1.0014978014092946,96,0.00000099931919444002513565720713448915633,5.7622444024819691359759364488206995e-61,5.7622444024819691359759364488206995e-61,26.40782010687898348285936388050882,26.40782010687898348285936388050882,4.7876320062512189531591906032532256e-11,0.010204081632653061224489795918367347,0.010204081632653061224489795918367347
gain_40_r_0.5,1099511627776,1.0074890070464726,64,0.0000013503402848750082471711177519737896,8.4213802859137264998924360609417018e-13,8.4213802857838439344583612896043498e-13,14.387959150831173966958698085685142,14.387959150707946556170366804958364,7.8508614545842077297369906685418615e-11,0.00012587213723092852440918650286682915,0.00012587213722898720415715488020615888
gain_40_r_1.5,1099511627776,1.022467021139418,64,0.000089810498928206621530217483810337867,0.000089707872179714465689107501715174774,0.000089653532299171943927971608468457138,7.894085150518605101320195118686687e-11,-6.461476871382345706544300382107122e-12,1.1889114671333876539217865138662748e-12,1.1909778929836395374162939162125055e-12,1.1902617038391182844340700331628112e-12
gain_40_r_1.55,1099511627776,1.0232159218440653,64,0.00012093999250837326222692777945480382,0.00012086619715790339330009618257593538,0.00012077030026612889229354334217973882,-2.9937224439283129436750582746565271e-11,-6.9541467620551389010021507725264185e-11,8.8511692268981276720069930809838181e-13,8.863484219045217886335266794109335e-13,8.8565204915530714767975363544066415e-13
gain_40_r_3,1099511627776,1.0449340422788362,64,0.0091131443580064964914124493144682763,0.0091131438473354524942950129102142093,0.0088066969698825473727420728166587605,-0.000020793205625975299109279881938571913,-6.8940783845790429415807536042674617e-11,2.1638699644607659419319643659421097e-14,2.2004466996629127463474872515760482e-14,2.1638700231896456387085724046182085e-14
gain_8_r_1.5,256,1.1123351056970905,64,0.18483310712640628343835791476540538,0.14578099205466955941995957368791756,0.11304334923966725285135004070563725,0.012116584861149085087188082504084269,-0.092717000529984542269038859813584001,0.00005971127987225886683586428085893127,0.000060151397524350336130368287574765641,0.000059884301995933144607745853608524721
gain_8_alpha_1.8,256,1.8,64,0.71463103721209875347989985574046122,0.71252451306762105735776196075703214,0.40259739222586259684721993503734276,-33.332783832652721916134619733452304,-0.37620988296843140957426180415109707,0.000059917029124486042132467531339605675,0.000059447504758927148681933238476653003,0.000059889863265785275408160203728100613
gain_40_alpha_1.8,1099511627776,1.8,64,0.71252451306811427936367179959555722,0.71252451306762105735776196075703214,0.40259739222586259684721993503734276,-33.106860310046399349443585673107643,-8.7896778822067881125437421224021939e-11,0.00000036689989668447490124218140310426822,8.4392618116434671300841744142684478e-13,0.00000036689989667880306504097745985653679
crossing_40_scale_lower,1099511627776,1.0224202148453776,96,0.000088098461021996961996597051968576025,0.000087993626035385806997929295908932747,0.000087941248986716988558013291481490013,8.7383007176802114235878738013359931e-11,9.5766107515584817451703830901928906e-14,5.4882161430996067817754790308483774e-13,5.4979231348442117421424409392635727e-13,5.4946852826793465567720474258500587e-13
crossing_40_scale_upper,1099511627776,1.0224213850027286,96,0.000088140945853936181580850040661468185,0.000088036166752489255006458235880977891,0.000087983741407640111179740108955264795,8.7167703019093014465949859665545178e-11,-7.3468935307650961080431304677827333e-14,5.4855988782711961878393447699978743e-13,5.4952960369442636949352184241370672e-13,5.4920583297533889807317894551855734e-13
crossing_40_stationary_lower,1099511627776,1.0229924217900221,96,0.0001108833197824657734636314346805768,0.00011080206164389128973203011323654351,0.00011072079636850461590491902676605732,1.0806447741623558262103261893468226e-14,-5.6969108041033781348870788699877987e-11,4.3724623934952572401483822407190466e-13,4.3787948617476712092130871684502044e-13,4.3756261663771045049675112699056806e-13
crossing_40_stationary_upper,1099511627776,1.0229935919473732,96,0.00011093421232162535048764519964140714,0.00011085299552624278048352867271887075,0.00011077165908373810778874279581321345,-1.4692990878253233227034620334682719e-13,-5.7045531421184108949576554607951096e-11,4.3704832610311145462642192181697958e-13,4.376811078562471721566484797318018e-13,4.3736425211455872552090210863499824e-13
