N,log2_N,comparator,r_lower,r_upper,gain_lower_pct,gain_upper_pct,lower_error_pct,upper_error_pct,bisection_steps,numerical_scope
256,8,scale,1.2888281250000002,1.2889062500000001,4.16425388379213431435e-05,-9.82628325141829257164e-06,2.21164235664715526362e-10,2.21157086233669889350e-10,7,series/order checks; floating-point and search errors assessed separately
256,8,stationary,1.522421875,1.5225,2.86672661642534403349e-05,-1.30007873792578641044e-05,2.01491843496506223201e-10,2.01485349915031191146e-10,7,series/order checks; floating-point and search errors assessed separately
1024,10,scale,1.3621875,1.362265625,4.28665381845850819843e-06,-1.23354570142117370824e-05,6.07536752485823196292e-11,6.07520427728832618627e-11,7,series/order checks; floating-point and search errors assessed separately
1024,10,stationary,1.55046875,1.5505468750000002,5.64856962648966227778e-06,-8.39384373306450678239e-06,5.71574836872824060849e-11,5.71559816695498950891e-11,7,series/order checks; floating-point and search errors assessed separately
4096,12,scale,1.40734375,1.4074218749999998,2.60215855961761742475e-06,-2.78133672019399104180e-06,1.63679912256698130470e-11,1.63675798497242494982e-11,7,series/order checks; floating-point and search errors assessed separately
4096,12,stationary,1.56046875,1.560546875,3.59696857152518584388e-08,-4.63456660643254314314e-06,1.56568743140082028676e-11,1.56565061212633853417e-11,7,series/order checks; floating-point and search errors assessed separately
16384,14,scale,1.4359375,1.436015625,1.01480500164263970555e-06,-7.09644701310567594800e-07,4.38474414425130772489e-12,4.38462247106042123409e-12,7,series/order checks; floating-point and search errors assessed separately
16384,14,stationary,1.5626562499999999,1.5627343749999998,8.55249465402182840560e-07,-6.64857672425419926862e-07,4.22038262763500942516e-12,4.22028069995318499727e-12,7,series/order checks; floating-point and search errors assessed separately
65536,16,scale,1.45453125,1.454609375,1.33766381380817238885e-07,-4.08932316890350510050e-07,1.18534053959429810555e-12,1.18529579703802415717e-12,7,series/order checks; floating-point and search errors assessed separately
65536,16,stationary,1.561640625,1.56171875,1.85545637648116668986e-08,-4.64392534983397018079e-07,1.13702740071526037604e-12,1.13699319165600743640e-12,7,series/order checks; floating-point and search errors assessed separately
262144,18,scale,1.466875,1.4669531249999999,3.23177785923348787503e-08,-1.35184500739836734248e-07,3.29697360503289137194e-13,3.29677588068322341652e-13,7,series/order checks; floating-point and search errors assessed separately
262144,18,stationary,1.55921875,1.5592968750000002,9.12408017107236232706e-08,-5.86987462590346927072e-08,3.11665828408236949926e-13,3.11651684919812789483e-13,7,series/order checks; floating-point and search errors assessed separately
1048576,20,scale,1.4752343749999999,1.4753125,3.12780306718907736569e-08,-1.94518503443473675008e-08,9.64473615400710356622e-14,9.64379940454311040735e-14,7,series/order checks; floating-point and search errors assessed separately
1048576,20,stationary,1.5564062500000002,1.5564843750000001,2.40966885923837516926e-08,-2.14878274761691348509e-08,8.88193828413977206438e-14,8.88127840127433785457e-14,7,series/order checks; floating-point and search errors assessed separately
4194304,22,scale,1.4810937499999999,1.4811718749999998,6.07140250159110622083e-09,-9.01532272615120285814e-09,3.01002000737718874209e-14,3.00958245909486225669e-14,7,series/order checks; floating-point and search errors assessed separately
4194304,22,stationary,1.5535156250000002,1.55359375,1.08191867962067093121e-08,-2.79001088898308111152e-09,2.68330483284324982291e-14,2.68299250153167933432e-14,7,series/order checks; floating-point and search errors assessed separately
16777216,24,scale,1.4852343749999997,1.4853124999999998,3.14918789673230499682e-09,-1.27046834296839688132e-09,1.00246758780746999403e-14,1.00226981195061285869e-14,7,series/order checks; floating-point and search errors assessed separately
16777216,24,stationary,1.55078125,1.550859375,2.15300482931527614154e-09,-1.84698540592607558848e-09,8.65657932295391496846e-15,8.65514538717178325669e-15,7,series/order checks; floating-point and search errors assessed separately
67108864,26,scale,1.48828125,1.488359375,7.95939977906611690344e-10,-4.81157775949539169586e-10,3.52573415013155502398e-15,3.52486303354527589818e-15,7,series/order checks; floating-point and search errors assessed separately
67108864,26,stationary,1.5482031250000001,1.54828125,6.60419603716111028818e-10,-4.99891700618293562648e-10,2.96562472052596767987e-15,2.96498596313274890430e-15,7,series/order checks; floating-point and search errors assessed separately
268435456,28,scale,1.4905468750000002,1.490625,2.50908614436486617780e-10,-1.14031191655409994521e-10,1.29199230758735164792e-15,1.29161488698940899596e-15,7,series/order checks; floating-point and search errors assessed separately
268435456,28,stationary,1.545859375,1.5459375,3.20715181361134255533e-11,-3.00736019890564046916e-10,1.06545378618542946302e-15,1.06517505467231998690e-15,7,series/order checks; floating-point and search errors assessed separately
1073741824,30,scale,1.492265625,1.49234375,9.08579593600419693518e-11,-1.24498030836180392527e-11,4.87273084926310101113e-16,4.87111279958306637580e-16,7,series/order checks; floating-point and search errors assessed separately
1073741824,30,stationary,1.5436718749999998,1.54375,5.93283506855726628388e-12,-8.86248639865294056885e-11,3.96305928508462148503e-16,3.96185828568274053958e-16,7,series/order checks; floating-point and search errors assessed separately
4294967296,32,scale,1.493671875,1.4937500000000001,5.01783087849085802491e-12,-2.39550342589325505595e-11,1.87290895670208009980e-16,1.87222063373054487987e-16,7,series/order checks; floating-point and search errors assessed separately
4294967296,32,stationary,1.5416406249999999,1.54171875,8.08294024137967177578e-12,-1.85645589244773405950e-11,1.50970957770818281800e-16,1.50919638216399851265e-16,7,series/order checks; floating-point and search errors assessed separately
17179869184,34,scale,1.4946875000000002,1.4947656250000003,7.28428175082418161572e-12,-8.00112628735650247484e-13,7.29364046447884593717e-17,7.29072627994584013698e-17,7,series/order checks; floating-point and search errors assessed separately
17179869184,34,stationary,1.5397656250000002,1.5398437500000002,4.61203327336207329554e-12,-2.84433910652792426877e-12,5.84276565013868325001e-17,5.84058593992221245077e-17,7,series/order checks; floating-point and search errors assessed separately
68719476736,36,scale,1.495546875,1.495625,2.19282966261084893149e-12,-4.73826411595378727915e-14,2.86256270899308738538e-17,2.86133470596758317026e-17,7,series/order checks; floating-point and search errors assessed separately
68719476736,36,stationary,1.538046875,1.538125,1.67380631704175370251e-12,-3.99553191423380876604e-13,2.28431441621720973219e-17,2.28339306634700136040e-17,7,series/order checks; floating-point and search errors assessed separately
274877906944,38,scale,1.4963281250000002,1.4964062500000002,2.95493271393519497820e-14,-5.86947433882460061515e-13,1.12865003239554089065e-17,1.12813475445624206346e-17,7,series/order checks; floating-point and search errors assessed separately
274877906944,38,stationary,1.5364843750000001,1.5365625,3.90437519905637738435e-13,-1.82879222329935280701e-13,8.98775893248689175859e-18,8.98388040402816516862e-18,7,series/order checks; floating-point and search errors assessed separately
1099511627776,40,scale,1.4968750000000002,1.496953125,9.57659330438886980510e-14,-7.34657542911660822530e-14,4.46688637185915801019e-18,4.46472930767385785174e-18,7,series/order checks; floating-point and search errors assessed separately
1099511627776,40,stationary,1.535078125,1.53515625,1.08056453444103872394e-14,-1.46928411280779275165e-13,3.54983309879240713900e-18,3.54820636606866001414e-18,7,series/order checks; floating-point and search errors assessed separately
