representation,d,alpha,order,H
geometric,1,1.000000000000000000e+00,96,1.666666666666671015e-01
direct_d1,1,1.000000000000000000e+00,96,1.666666666666664909e-01
geometric,1,1.000000000000000000e+00,192,1.666666666666660190e-01
direct_d1,1,1.000000000000000000e+00,192,1.666666666666668795e-01
geometric,1,1.000000000000000000e+00,384,1.666666666666657692e-01
direct_d1,1,1.000000000000000000e+00,384,1.666666666666662133e-01
geometric,2,1.000000000000000000e+00,96,2.445333162022690077e-01
geometric,2,1.000000000000000000e+00,192,2.445331917323211313e-01
geometric,2,1.000000000000000000e+00,384,2.445331760445666747e-01
geometric,3,1.000000000000000000e+00,96,2.892857142857150343e-01
geometric,3,1.000000000000000000e+00,192,2.892857142857143682e-01
geometric,3,1.000000000000000000e+00,384,2.892857142857139796e-01
geometric,5,1.000000000000000000e+00,96,3.385040885040894731e-01
geometric,5,1.000000000000000000e+00,192,3.385040885040886960e-01
geometric,5,1.000000000000000000e+00,384,3.385040885040881964e-01
geometric,10,1.000000000000000000e+00,96,3.874833953478118986e-01
geometric,10,1.000000000000000000e+00,192,3.874833953478110105e-01
geometric,10,1.000000000000000000e+00,384,3.874833953478104553e-01
geometric,20,1.000000000000000000e+00,96,4.173951906871892215e-01
geometric,20,1.000000000000000000e+00,192,4.173951906871882778e-01
geometric,20,1.000000000000000000e+00,384,4.173951906871873896e-01
geometric,50,1.000000000000000000e+00,96,4.375206514096669497e-01
geometric,50,1.000000000000000000e+00,192,4.375206514096662835e-01
geometric,50,1.000000000000000000e+00,384,4.375206514096650068e-01
geometric,100,1.000000000000000000e+00,96,4.446380800125737665e-01
geometric,100,1.000000000000000000e+00,192,4.446380800125729338e-01
geometric,100,1.000000000000000000e+00,384,4.446380800125724342e-01
